<?xml version="1.0" encoding="UTF-8" ?>
<XMLDB PATH="local/botmanager/db" VERSION="2023081404" COMMENT="XMLDB file for Moodle local/botmanager"
    xmlns:xsi="http://www.w3.org/2001/XMLSchema-instance"
    xsi:noNamespaceSchemaLocation="../../../lib/xmldb/xmldb.xsd"
>
  <TABLES>
    <TABLE NAME="local_botmanager_dataentity" COMMENT="Table for chatbot conversations persistence">
      <FIELDS>
        <FIELD NAME="id" TYPE="int" LENGTH="10" NOTNULL="true" SEQUENCE="true"/>
        <FIELD NAME="realid" TYPE="text" NOTNULL="true" SEQUENCE="false"/>
        <FIELD NAME="document" TYPE="text" NOTNULL="true" SEQUENCE="false"/>
        <FIELD NAME="createdtime" TYPE="text" NOTNULL="true" SEQUENCE="false"/>
        <FIELD NAME="timestamp" TYPE="text" NOTNULL="true" SEQUENCE="false"/>
      </FIELDS>
      <KEYS>
        <KEY NAME="primary" TYPE="primary" FIELDS="id"/>
      </KEYS>
    </TABLE>
  </TABLES>
</XMLDB>